{"Recent_price":{"A":152.1649932861,"AAL":20.4850006104,"AAP":208.5,"AAPL":140.2350006104,"ABBV":108.7200012207,"ABC":115.9000015259,"ABMD":330.4700012207,"ABT":114.5049972534,"ACN":322.4700012207,"ADBE":566.7299804688,"ADI":165.0500030518,"ADM":61.5099983215,"ADP":203.0399932861,"ADSK":275.7399902344,"AEE":81.3300018311,"AEP":83.1200027466,"AES":23.0300006866,"AFL":52.6300010681,"AIG":56.5250015259,"AIZ":157.3999938965,"AJG":150.4299926758,"AKAM":103.0199966431,"ALB":217.6999969482,"ALGN":640.9949951172,"ALK":60.0400009155,"ALL":126.2750015259,"ALLE":127.4349975586,"AMAT":127.0,"AMCR":11.6149997711,"AMD":102.4550018311,"AME":123.0800018311,"AMGN":210.3600006104,"AMP":268.7799987793,"AMT":262.2900085449,"AMZN":3242.6899414062,"ANET":348.3500061035,"ANSS":337.5299987793,"ANTM":368.5,"AON":288.6449890137,"AOS":63.1199989319,"APA":22.2250003815,"APD":252.7400054932,"APH":73.5599975586,"APTV":154.9799957275,"ARE":190.6499938965,"ATO":88.5189971924,"ATVI":77.5500030518,"AVB":220.7449951172,"AVGO":482.8200073242,"AVY":207.1150054932,"AWK":170.8670043945,"AXP":171.3099975586,"AZO":1673.6800537109,"BA":222.2303924561,"BAC":43.8525009155,"BAX":80.0199966431,"BBWI":61.75,"BBY":105.5999984741,"BDX":242.1600036621,"BEN":29.9950008392,"BF-B":66.5299987793,"BIIB":282.2600097656,"BIO":716.3200073242,"BK":54.1300010681,"BKNG":2422.1298828125,"BKR":24.4699993134,"BLK":827.1599731445,"BLL":91.5299987793,"BMY":58.8450012207,"BR":163.8800048828,"BRK-B":276.5436096191,"BRO":57.9399986267,"BSX":42.0449981689,"BWA":43.2949981689,"BXP":109.8899993896,"C":71.599899292,"CAG":33.9799995422,"CAH":48.1899986267,"CARR":51.8800010681,"CAT":190.0099945068,"CB":173.4299926758,"CBOE":122.5199966431,"CBRE":96.8099975586,"CCI":171.0899963379,"CCL":24.7450008392,"CDAY":114.7949981689,"CDNS":148.5149993896,"CDW":174.6600036621,"CE":155.7200012207,"CERN":69.5250015259,"CF":58.8100013733,"CFG":48.1100006104,"CHD":81.9749984741,"CHRW":88.2200012207,"CHTR":738.9227905273,"CI":199.9499969482,"CINF":114.2600021362,"CL":74.3649978638,"CLX":163.4149932861,"CMA":82.7699966431,"CMCSA":56.2350006104,"CME":197.7400054932,"CMG":1825.4250488281,"CMI":229.6000061035,"CMS":60.1300010681,"CNC":62.1899986267,"CNP":25.1650009155,"COF":166.6999969482,"COO":406.7900085449,"COP":71.5199966431,"COST":444.700012207,"CPB":41.9199981689,"CPRT":135.5,"CRL":403.0,"CRM":272.8999938965,"CSCO":53.2949981689,"CSX":31.7549991608,"CTAS":391.1199951172,"CTLT":128.4299926758,"CTRA":22.2889995575,"CTSH":73.3000030518,"CTVA":41.875,"CTXS":105.3300018311,"CVS":82.5438995361,"CVX":104.4700012207,"CZR":115.3799972534,"D":72.7900009155,"DAL":43.7350006104,"DD":69.2200012207,"DE":332.3599853516,"DFS":125.4400024414,"DG":205.5800018311,"DGX":140.3500061035,"DHI":83.0699996948,"DHR":296.1700134277,"DIS":173.7100067139,"DISCA":25.4500007629,"DISCK":24.6149997711,"DISH":44.5499992371,"DLR":142.0899963379,"DLTR":96.8659973145,"DOV":155.7949981689,"DOW":56.6199989319,"DPZ":474.1400146484,"DRE":48.9300003052,"DRI":155.9149932861,"DTE":112.8899993896,"DUK":99.8899993896,"DVA":112.9349975586,"DVN":39.0349998474,"DXC":33.9253997803,"DXCM":535.9749755859,"EA":135.6450042725,"EBAY":70.9100036621,"ECL":213.0399932861,"ED":73.1100006104,"EFX":253.2700042725,"EIX":55.4000015259,"EL":311.6900024414,"EMN":102.1600036621,"EMR":94.2699966431,"ENPH":154.4499969482,"EOG":85.9599990845,"EQIX":754.1699829102,"EQR":81.4300003052,"ES":84.5299987793,"ESS":320.1499938965,"ETN":148.9100036621,"ETR":100.9100036621,"ETSY":207.8600006104,"EVRG":62.4599990845,"EW":108.0400009155,"EXC":48.0400009155,"EXPD":114.5599975586,"EXPE":170.4499969482,"EXR":166.1799926758,"F":14.0349998474,"FANG":103.6800003052,"FAST":50.8699989319,"FB":332.450012207,"FBHS":92.7699966431,"FCX":31.4249992371,"FDX":220.9799957275,"FE":35.9364013672,"FFIV":194.7749938965,"FIS":119.4950027466,"FISV":107.0100021362,"FITB":43.2799987793,"FLT":256.7850036621,"FMC":89.0699996948,"FOX":38.2799987793,"FOXA":41.5649986267,"FRC":198.7200012207,"FRT":118.5699996948,"FTNT":301.1700134277,"FTV":69.6750030518,"GD":196.3300018311,"GE":103.0999984741,"GILD":67.1600036621,"GIS":61.4199981689,"GL":91.0699996948,"GLW":36.176700592,"GM":53.7999992371,"GNRC":403.4700012207,"GOOG":2736.8591308594,"GOOGL":2734.3549804688,"GPC":121.5710983276,"GPN":156.9799957275,"GPS":23.1049995422,"GRMN":155.2772064209,"GS":382.8099975586,"GWW":401.6600036621,"HAL":23.0,"HAS":86.9000015259,"HBAN":15.7749996185,"HBI":16.0249996185,"HCA":237.8200073242,"HD":327.280090332,"HES":82.3799972534,"HIG":71.1399993896,"HII":193.8549957275,"HLT":137.3000030518,"HOLX":70.1999969482,"HON":214.1450042725,"HPE":14.6497001648,"HPQ":27.6149997711,"HRL":41.2700004578,"HSIC":76.6200027466,"HST":15.9499998093,"HSY":175.625,"HUM":388.1950073242,"HWM":31.1800003052,"IBM":141.4250030518,"ICE":120.5400009155,"IDXX":602.4705810547,"IEX":208.2050018311,"IFF":135.1450042725,"ILMN":389.0299987793,"INCY":65.1600036621,"INFO":116.8300018311,"INTC":53.3650016785,"INTU":534.7700195312,"IP":53.4000015259,"IPG":37.0750007629,"IPGP":153.6649932861,"IQV":237.008605957,"IR":50.5200004578,"IRM":43.5299987793,"ISRG":330.5599975586,"IT":302.3500061035,"ITW":208.9600067139,"IVZ":25.0400009155,"J":131.1100006104,"JBHT":168.6799926758,"JCI":68.9400024414,"JKHY":161.6000061035,"JNJ":158.1770019531,"JNPR":27.7199993134,"JPM":167.4199981689,"K":63.5900001526,"KEY":22.4300003052,"KEYS":160.8099975586,"KHC":36.8149986267,"KIM":21.0200004578,"KLAC":327.0100097656,"KMB":131.6100006104,"KMI":16.6399993896,"KMX":128.6849975586,"KO":52.8149986267,"KR":39.1749992371,"KSU":279.3699951172,"L":55.4426994324,"LDOS":95.2600021362,"LEG":44.3050003052,"LEN":92.1734008789,"LH":272.1950073242,"LHX":222.1649932861,"LIN":291.2399902344,"LKQ":49.8899993896,"LLY":227.2749938965,"LMT":346.0599975586,"LNC":70.6500015259,"LNT":56.0499992371,"LOW":203.6699981689,"LRCX":553.1649780273,"LUMN":12.5150003433,"LUV":53.8650016785,"LVS":37.0699996948,"LW":61.4000015259,"LYB":94.9100036621,"LYV":99.9150009155,"MA":345.1099853516,"MAA":186.1699981689,"MAR":154.1049957275,"MAS":55.9300003052,"MCD":244.0449981689,"MCHP":147.6799926758,"MCK":196.5200042725,"MCO":354.0599975586,"MDLZ":59.2299995422,"MDT":124.4000015259,"MET":63.6491012573,"MGM":44.7999992371,"MHK":177.0399932861,"MKC":79.3000030518,"MKTX":413.5100097656,"MLM":354.0899963379,"MMC":152.7899932861,"MMM":176.1100006104,"MNST":89.1800003052,"MO":45.8950004578,"MOS":37.8699989319,"MPC":61.9700012207,"MPWR":465.5899963379,"MRK":80.4250030518,"MRNA":318.2351989746,"MRO":15.1649999619,"MS":97.9623031616,"MSCI":592.549987793,"MSFT":289.6499938965,"MSI":230.6000061035,"MTB":150.5,"MTCH":155.3000030518,"MTD":1368.4899902344,"MU":69.7699966431,"NCLH":27.5650005341,"NDAQ":193.3999938965,"NEE":79.2900009155,"NEM":53.6599998474,"NFLX":634.950012207,"NI":24.0849990845,"NKE":148.2050018311,"NLOK":25.125,"NLSN":18.9200000763,"NOC":370.1289978027,"NOW":627.8524780273,"NRG":40.4049987793,"NSC":258.7099914551,"NTAP":89.6500015259,"NTRS":109.3850021362,"NUE":95.1800003052,"NVDA":206.0950012207,"NVR":4772.9301757812,"NWL":21.7049999237,"NWS":23.4099998474,"NWSA":23.5699996948,"NXPI":190.7299957275,"O":66.5500030518,"ODFL":288.6900024414,"OGN":32.3585014343,"OKE":59.5600013733,"OMC":74.8600006104,"ORCL":90.5100021362,"ORLY":607.3300170898,"OTIS":81.6849975586,"OXY":32.1199989319,"PAYC":503.0050048828,"PAYX":116.7077026367,"PBCT":17.5599994659,"PCAR":80.8600006104,"PEAK":33.1399993896,"PEG":59.9500007629,"PENN":72.1999969482,"PEP":152.2700042725,"PFE":41.8167991638,"PFG":66.3199996948,"PG":139.4299926758,"PGR":91.3949966431,"PH":287.950012207,"PHM":46.7799987793,"PKG":139.1600036621,"PKI":169.3200073242,"PLD":125.0999984741,"PM":95.5899963379,"PNC":198.0099945068,"PNR":71.1900024414,"PNW":72.2399978638,"POOL":440.1799926758,"PPG":144.1999969482,"PPL":28.1049995422,"PRU":106.8700027466,"PSA":294.2399902344,"PSX":77.3600006104,"PTC":118.6800003052,"PVH":104.3600006104,"PWR":109.3799972534,"PXD":180.8600006104,"PYPL":261.6900024414,"QCOM":127.0,"QRVO":164.8249969482,